{"cameraMode":{"drawMode":0,"name":"Shaded","section":"Shading Mode"},"sceneLighting":false,"audioPlay":false,"sceneViewState":{"m_AlwaysRefresh":false,"showFog":true,"showSkybox":false,"showFlares":true,"showImageEffects":true,"showParticleSystems":true,"showVisualEffectGraphs":true,"m_FxEnabled":true},"in2DMode":false,"pivot":{"x":-0.014967858791351319,"y":0.9926950931549072,"z":0.06061345338821411},"rotation":{"x":-0.3214036524295807,"y":0.3846488893032074,"z":-0.1449192613363266,"w":-0.8530808687210083},"size":0.9396193623542786,"orthographic":false}