{"cameraMode":{"drawMode":0,"name":"Shaded","section":"Shading Mode"},"sceneLighting":false,"audioPlay":false,"sceneViewState":{"m_AlwaysRefresh":false,"showFog":true,"showSkybox":false,"showFlares":true,"showImageEffects":true,"showParticleSystems":true,"showVisualEffectGraphs":true,"m_FxEnabled":true},"in2DMode":false,"pivot":{"x":-0.24653959274291993,"y":1.0246893167495728,"z":-0.022369861602783204},"rotation":{"x":-0.07882670313119888,"y":0.6694154739379883,"z":-0.07177317142486572,"w":-0.7352008819580078},"size":2.4343526363372804,"orthographic":false}