{"cameraMode":{"drawMode":0,"name":"Shaded","section":"Shading Mode"},"sceneLighting":false,"audioPlay":false,"sceneViewState":{"m_AlwaysRefresh":false,"showFog":true,"showSkybox":false,"showFlares":true,"showImageEffects":true,"showParticleSystems":true,"showVisualEffectGraphs":true,"m_FxEnabled":true},"in2DMode":false,"pivot":{"x":0.17810440063476563,"y":1.0683525800704957,"z":0.1427927017211914},"rotation":{"x":0.15241707861423493,"y":0.5183966159820557,"z":-0.09449847787618637,"w":0.8361249566078186},"size":2.4136669635772707,"orthographic":false}