{"cameraMode":{"drawMode":0,"name":"Shaded","section":"Shading Mode"},"sceneLighting":false,"audioPlay":false,"sceneViewState":{"m_AlwaysRefresh":false,"showFog":true,"showSkybox":false,"showFlares":true,"showImageEffects":true,"showParticleSystems":true,"showVisualEffectGraphs":true,"m_FxEnabled":true},"in2DMode":false,"pivot":{"x":0.5661330223083496,"y":0.16284704208374024,"z":1.4319181442260743},"rotation":{"x":-0.20072832703590394,"y":0.3903607428073883,"z":-0.08762411028146744,"w":-0.8942328691482544},"size":8.239027976989746,"orthographic":false}