{"cameraMode":{"drawMode":0,"name":"Shaded","section":"Shading Mode"},"sceneLighting":false,"audioPlay":false,"sceneViewState":{"m_AlwaysRefresh":false,"showFog":true,"showSkybox":false,"showFlares":true,"showImageEffects":true,"showParticleSystems":true,"showVisualEffectGraphs":true,"m_FxEnabled":true},"in2DMode":false,"pivot":{"x":-0.0016927719116210938,"y":0.17204904556274415,"z":-0.00157928466796875},"rotation":{"x":-0.14408494532108308,"y":0.657180905342102,"z":-0.13001123070716859,"w":-0.7283211350440979},"size":4.671152591705322,"orthographic":false}