{"cameraMode":{"drawMode":0,"name":"Shaded","section":"Shading Mode"},"sceneLighting":false,"audioPlay":false,"sceneViewState":{"m_AlwaysRefresh":false,"showFog":true,"showSkybox":false,"showFlares":true,"showImageEffects":true,"showParticleSystems":true,"showVisualEffectGraphs":true,"m_FxEnabled":true},"in2DMode":false,"pivot":{"x":-0.7063482403755188,"y":-0.7954773902893066,"z":-1.2654657363891602},"rotation":{"x":-0.0022467910312116148,"y":0.9189659357070923,"z":-0.3942967653274536,"w":-0.005237010773271322},"size":4.2204270362854,"orthographic":false}