{"cameraMode":{"drawMode":0,"name":"Shaded","section":"Shading Mode"},"sceneLighting":false,"audioPlay":false,"sceneViewState":{"m_AlwaysRefresh":false,"showFog":true,"showSkybox":false,"showFlares":true,"showImageEffects":true,"showParticleSystems":true,"showVisualEffectGraphs":true,"m_FxEnabled":true},"in2DMode":false,"pivot":{"x":-0.0010136067867279053,"y":1.658358097076416,"z":3.2150888442993166},"rotation":{"x":-0.3214036524295807,"y":0.3846488893032074,"z":-0.1449192613363266,"w":-0.8530808687210083},"size":0.6148780584335327,"orthographic":false}