{"cameraMode":{"drawMode":0,"name":"Shaded","section":"Shading Mode"},"sceneLighting":false,"audioPlay":false,"sceneViewState":{"m_AlwaysRefresh":false,"showFog":true,"showSkybox":false,"showFlares":true,"showImageEffects":true,"showParticleSystems":true,"showVisualEffectGraphs":true,"m_FxEnabled":true},"in2DMode":false,"pivot":{"x":-0.03545469045639038,"y":0.9593253135681152,"z":-0.03296846151351929},"rotation":{"x":-0.3214036524295807,"y":0.3846488893032074,"z":-0.1449192613363266,"w":-0.8530808687210083},"size":0.6380403637886047,"orthographic":false}