{"cameraMode":{"drawMode":0,"name":"Shaded","section":"Shading Mode"},"sceneLighting":false,"audioPlay":false,"sceneViewState":{"m_AlwaysRefresh":false,"showFog":true,"showSkybox":false,"showFlares":true,"showImageEffects":true,"showParticleSystems":true,"showVisualEffectGraphs":true,"m_FxEnabled":true},"in2DMode":false,"pivot":{"x":0.07000000029802323,"y":1.3559999465942383,"z":0.9440000057220459},"rotation":{"x":-0.14408494532108308,"y":0.657180905342102,"z":-0.13001123070716859,"w":-0.7283211350440979},"size":0.000017335431039100513,"orthographic":false}